field,refers_to,should refer to
id,"edge.id"
name,"edge.type",empty
label,"edge.type",empty
description,"edge.type",empty
color,"'#ff7f0e'",empty
fillColor,"'' (empty)",empty
weight,"'' (empty)",empty
rawWeight,"'' (empty)",empty
lat,"'' (empty)"
lng,"'' (empty)"
start,"'' (empty)"
end,"'' (empty)"
time,"'' (empty)"
date,"'' (empty)"
source,"edge.source"
target,"edge.target"
edgeLabel,"edge.type"
edgeColor,"'#ff7f0e'",different color if in JS or JSX or else code
edgeWeight,"edge.pathLength"
relationship,"edge.type",field qualifying the relationship
enlightement,"edge.type",arrow 
emoji,"'' (empty)"
extra,"JSON.stringify(edge)  (the full edge object serialized as JSON)",empty
